date,hour,counterparty,counterparty_type,amount,frequency
2025-01-01,12,国家电网,水电煤,255.94,1
2025-01-02,12,国家电网,水电煤,191.85,1
2025-01-03,9,国家电网,水电煤,104.12,1
2025-01-03,9,自来水公司,水电煤,95.7,1
2025-01-04,13,永辉超市,超市,126.06,1
2025-01-05,17,永辉超市,超市,181.19,1
2025-01-06,10,女儿-张丽,子女,635.91,1
2025-01-06,16,自来水公司,水电煤,66.0,1
2025-01-07,9,儿子-张伟,子女,1175.75,1
2025-01-11,14,市第一医院,医院,578.96,1
2025-01-12,11,国家电网,水电煤,281.86,1
2025-01-12,9,市第一医院,医院,563.77,1
2025-01-13,9,市第一医院,医院,497.39,1
2025-01-13,17,市第一医院,医院,414.83,1
2025-01-15,16,女儿-张丽,子女,793.97,1
2025-01-15,9,女儿-张丽,子女,988.0,1
2025-01-16,16,市第一医院,医院,775.68,1
2025-01-16,8,儿子-张伟,子女,1703.3,1
2025-01-17,15,永辉超市,超市,99.68,1
2025-01-18,10,永辉超市,超市,227.84,1
2025-01-20,14,市第一医院,医院,181.11,1
2025-01-22,10,女儿-张丽,子女,987.77,1
2025-01-23,10,国家电网,水电煤,212.25,1
2025-01-23,10,儿子-张伟,子女,1957.57,1
2025-01-25,16,女儿-张丽,子女,1240.69,1
2025-01-27,14,儿子-张伟,子女,802.58,1
2025-01-27,11,永辉超市,超市,128.59,1
2025-01-29,14,国家电网,水电煤,140.61,1
2025-01-30,16,自来水公司,水电煤,95.08,1
2025-01-30,11,儿子-张伟,子女,1807.19,1
2025-02-01,8,自来水公司,水电煤,54.94,1
2025-02-01,16,永辉超市,超市,106.98,1
2025-02-04,12,国家电网,水电煤,183.48,1
2025-02-04,15,永辉超市,超市,79.97,1
2025-02-06,8,永辉超市,超市,150.96,1
2025-02-06,14,市第一医院,医院,773.71,1
2025-02-07,8,儿子-张伟,子女,927.26,1
2025-02-08,14,市第一医院,医院,387.73,1
2025-02-08,8,儿子-张伟,子女,1017.61,1
2025-02-09,13,儿子-张伟,子女,1234.18,1
2025-02-09,15,自来水公司,水电煤,35.66,1
2025-02-10,11,女儿-张丽,子女,1051.67,1
2025-02-12,18,永辉超市,超市,87.68,1
2025-02-13,18,国家电网,水电煤,218.18,1
2025-02-14,11,国家电网,水电煤,261.9,1
2025-02-14,15,自来水公司,水电煤,95.84,1
2025-02-15,16,永辉超市,超市,218.92,1
2025-02-15,17,永辉超市,超市,102.27,1
2025-02-16,11,市第一医院,医院,787.52,1
2025-02-16,8,自来水公司,水电煤,48.26,1
2025-02-17,18,儿子-张伟,子女,1850.63,1
2025-02-17,10,永辉超市,超市,119.72,1
2025-02-22,13,永辉超市,超市,90.41,1
2025-02-23,16,国家电网,水电煤,174.46,1
2025-02-23,9,国家电网,水电煤,294.73,1
2025-02-24,16,市第一医院,医院,584.33,1
2025-02-24,8,自来水公司,水电煤,79.85,1
2025-02-25,15,自来水公司,水电煤,55.65,1
2025-02-25,8,国家电网,水电煤,231.52,1
2025-02-26,13,国家电网,水电煤,227.27,1
2025-02-27,13,女儿-张丽,子女,1089.65,1
2025-02-27,12,国家电网,水电煤,186.88,1
2025-02-28,10,永辉超市,超市,98.81,1
2025-02-28,8,自来水公司,水电煤,31.7,1
2025-03-01,12,自来水公司,水电煤,62.9,1
2025-03-01,16,女儿-张丽,子女,1055.24,1
2025-03-03,8,儿子-张伟,子女,1358.44,1
2025-03-03,12,自来水公司,水电煤,50.61,1
2025-03-04,16,国家电网,水电煤,133.9,1
2025-03-05,15,市第一医院,医院,751.01,1
2025-03-05,13,市第一医院,医院,530.51,1
2025-03-06,17,国家电网,水电煤,159.06,1
2025-03-08,17,女儿-张丽,子女,1039.24,1
2025-03-13,8,自来水公司,水电煤,85.88,1
2025-03-14,14,女儿-张丽,子女,1835.01,1
2025-03-14,14,自来水公司,水电煤,70.52,1
2025-03-15,13,永辉超市,超市,88.76,1
2025-03-16,13,永辉超市,超市,59.34,1
2025-03-16,12,女儿-张丽,子女,1305.62,1
2025-03-17,12,自来水公司,水电煤,45.11,1
2025-03-18,10,儿子-张伟,子女,791.57,1
2025-03-18,9,自来水公司,水电煤,39.29,1
2025-03-19,10,国家电网,水电煤,259.04,1
2025-03-19,17,自来水公司,水电煤,82.08,1
2025-03-20,16,女儿-张丽,子女,1753.97,1
2025-03-21,9,市第一医院,医院,740.65,1
2025-03-22,12,永辉超市,超市,215.05,1
2025-03-22,14,永辉超市,超市,288.72,1
2025-03-23,10,女儿-张丽,子女,1595.06,1
2025-03-24,16,国家电网,水电煤,251.57,1
2025-03-24,12,儿子-张伟,子女,674.11,1
2025-03-25,12,女儿-张丽,子女,1969.27,1
2025-03-25,17,自来水公司,水电煤,31.2,1
2025-03-26,12,自来水公司,水电煤,42.12,1
2025-03-27,9,女儿-张丽,子女,1452.64,1
2025-03-27,17,自来水公司,水电煤,56.22,1
2025-03-29,15,儿子-张伟,子女,1525.95,1
2025-03-29,18,市第一医院,医院,118.56,1
2025-03-31,10,自来水公司,水电煤,39.0,1
2025-04-02,18,永辉超市,超市,212.87,1
2025-04-03,9,自来水公司,水电煤,37.05,1
2025-04-04,17,国家电网,水电煤,167.31,1
2025-04-04,17,儿子-张伟,子女,1767.31,1
2025-04-05,17,永辉超市,超市,174.01,1
2025-04-06,11,国家电网,水电煤,275.49,1
2025-04-07,12,永辉超市,超市,186.99,1
2025-04-11,15,永辉超市,超市,244.1,1
2025-04-11,8,女儿-张丽,子女,1342.8,1
2025-04-12,8,永辉超市,超市,109.56,1
2025-04-13,18,永辉超市,超市,130.01,1
2025-04-13,16,国家电网,水电煤,177.84,1
2025-04-15,11,女儿-张丽,子女,1515.15,1
2025-04-15,12,国家电网,水电煤,198.61,1
2025-04-16,12,永辉超市,超市,188.43,1
2025-04-16,16,自来水公司,水电煤,96.23,1
2025-04-17,17,市第一医院,医院,781.97,1
2025-04-18,9,儿子-张伟,子女,1026.37,1
2025-04-20,13,自来水公司,水电煤,90.68,1
2025-04-20,17,女儿-张丽,子女,1551.45,1
2025-04-21,12,市第一医院,医院,202.62,1
2025-04-22,11,儿子-张伟,子女,1055.96,1
2025-04-22,16,永辉超市,超市,286.81,1
2025-04-23,10,女儿-张丽,子女,1562.27,1
2025-04-23,14,儿子-张伟,子女,1066.98,1
2025-04-24,10,国家电网,水电煤,122.24,1
2025-04-24,17,儿子-张伟,子女,517.03,1
2025-04-29,8,女儿-张丽,子女,1100.33,1
2025-04-29,13,永辉超市,超市,267.15,1
2025-04-30,12,自来水公司,水电煤,98.45,1
2025-04-30,12,女儿-张丽,子女,1886.96,1
2025-05-01,16,自来水公司,水电煤,35.28,1
2025-05-02,13,永辉超市,超市,206.89,1
2025-05-03,17,永辉超市,超市,278.81,1
2025-05-06,11,儿子-张伟,子女,916.07,1
2025-05-06,9,市第一医院,医院,371.79,1
2025-05-07,18,永辉超市,超市,114.99,1
2025-05-08,11,永辉超市,超市,127.38,1
2025-05-09,10,儿子-张伟,子女,699.78,1
2025-05-09,10,儿子-张伟,子女,1910.8,1
2025-05-11,9,市第一医院,医院,752.91,1
2025-05-11,14,国家电网,水电煤,109.04,1
2025-05-12,8,永辉超市,超市,170.09,1
2025-05-12,16,国家电网,水电煤,218.83,1
2025-05-16,14,永辉超市,超市,53.42,1
2025-05-21,17,儿子-张伟,子女,1917.15,1
2025-05-22,8,女儿-张丽,子女,807.57,1
2025-05-24,9,永辉超市,超市,217.93,1
2025-05-24,14,自来水公司,水电煤,48.81,1
2025-05-25,18,女儿-张丽,子女,1658.48,1
2025-05-25,13,市第一医院,医院,696.53,1
2025-05-27,14,永辉超市,超市,197.49,1
2025-05-29,13,国家电网,水电煤,142.59,1
2025-05-29,9,自来水公司,水电煤,98.63,1
2025-05-30,9,国家电网,水电煤,118.2,1
2025-05-30,8,自来水公司,水电煤,68.32,1
2025-06-01,12,市第一医院,医院,703.65,1
2025-06-03,11,市第一医院,医院,638.24,1
2025-06-04,18,女儿-张丽,子女,1238.93,1
2025-06-04,10,国家电网,水电煤,148.03,1
2025-06-05,15,国家电网,水电煤,127.77,1
2025-06-06,10,永辉超市,超市,274.2,1
2025-06-06,9,国家电网,水电煤,233.51,1
2025-06-07,9,国家电网,水电煤,264.36,1
2025-06-08,8,女儿-张丽,子女,633.05,1
2025-06-09,8,市第一医院,医院,725.95,1
2025-06-09,18,女儿-张丽,子女,995.15,1
2025-06-10,15,永辉超市,超市,221.95,1
2025-06-13,8,自来水公司,水电煤,86.43,1
2025-06-13,15,国家电网,水电煤,136.9,1
2025-06-14,15,自来水公司,水电煤,55.82,1
2025-06-14,18,市第一医院,医院,623.23,1
2025-06-15,18,国家电网,水电煤,279.04,1
2025-06-16,10,市第一医院,医院,413.19,1
2025-06-17,17,永辉超市,超市,234.35,1
2025-06-17,13,永辉超市,超市,260.18,1
2025-06-18,11,永辉超市,超市,272.63,1
2025-06-18,10,永辉超市,超市,219.78,1
2025-06-19,9,自来水公司,水电煤,67.6,1
2025-06-19,17,永辉超市,超市,191.11,1
2025-06-20,9,自来水公司,水电煤,75.21,1
2025-06-20,13,国家电网,水电煤,171.22,1
2025-06-21,13,儿子-张伟,子女,652.67,1
2025-06-22,15,自来水公司,水电煤,89.56,1
2025-06-22,10,永辉超市,超市,70.06,1
2025-06-23,13,自来水公司,水电煤,99.81,1
2025-06-24,13,国家电网,水电煤,273.1,1
2025-06-24,15,女儿-张丽,子女,886.85,1
2025-06-28,12,国家电网,水电煤,267.72,1
2025-06-28,11,女儿-张丽,子女,1951.99,1
2025-06-29,8,自来水公司,水电煤,46.97,1
